{
  "minecraft:recipes/decorations/chest": {
    "criteria": {
      "has_lots_of_items": "2022-02-27 20:51:43 +0800"
    },
    "done": true
  },
  "minecraft:adventure/root": {
    "criteria": {
      "killed_something": "2022-02-27 21:00:30 +0800"
    },
    "done": true
  },
  "minecraft:adventure/adventuring_time": {
    "criteria": {
      "minecraft:taiga": "2022-02-27 21:03:00 +0800",
      "minecraft:swamp": "2022-02-27 20:51:27 +0800"
    },
    "done": false
  },
  "DataVersion": 2230
}