{"stats":{"minecraft:dropped":{"minecraft:diamond_sword":1},"minecraft:custom":{"minecraft:time_since_rest":18319,"minecraft:play_one_minute":18319,"minecraft:leave_game":2,"minecraft:time_since_death":18319,"minecraft:walk_one_cm":71,"minecraft:mob_kills":248,"minecraft:drop":1},"minecraft:killed":{"minecraft:pig":49,"minecraft:sheep":64,"minecraft:rabbit":1,"minecraft:fox":4,"minecraft:wolf":24,"minecraft:chicken":53,"minecraft:cow":53},"minecraft:picked_up":{"minecraft:diamond_sword":55}},"DataVersion":2230}