{"stats":{"minecraft:picked_up":{"minecraft:diamond_sword":3,"minecraft:rabbit_hide":1},"minecraft:dropped":{"minecraft:diamond_sword":2,"minecraft:player_head":2,"minecraft:detector_rail":2,"minecraft:bedrock":1,"minecraft:white_stained_glass":1,"minecraft:oak_sign":17,"minecraft:minecart":2,"minecraft:grass_block":2,"minecraft:chest":1},"minecraft:custom":{"minecraft:open_chest":7,"minecraft:time_since_rest":37155,"minecraft:crouch_one_cm":1500,"minecraft:play_one_minute":37155,"minecraft:sprint_one_cm":1726,"minecraft:damage_taken":200,"minecraft:walk_one_cm":6486,"minecraft:sneak_time":2634,"minecraft:walk_under_water_one_cm":98,"minecraft:drop":16,"minecraft:jump":38,"minecraft:inspect_hopper":5,"minecraft:leave_game":8,"minecraft:time_since_death":37155,"minecraft:walk_on_water_one_cm":3326,"minecraft:fly_one_cm":1991883,"minecraft:inspect_dispenser":1},"minecraft:used":{"minecraft:bedrock":5,"minecraft:repeater":6,"minecraft:stone_button":12,"minecraft:grass_block":32,"minecraft:white_stained_glass":2,"minecraft:iron_block":24,"minecraft:redstone":15,"minecraft:minecart":2,"minecraft:detector_rail":2,"minecraft:oak_sign":14,"minecraft:chest":10,"minecraft:player_head":2}},"DataVersion":2230}