{
    "syncmatica.error.create_from_schematic": "从原理图创建同步结构时出错: {}",
    "syncmatica.error.failed_to_load": "加载投影文件失败 {}",
    "syncmatica.error.invalid_file": "不支持分享此文件类型",
    "syncmatica.error.modification_deny": "操作冲突 - 该结构正在被其他玩家编辑中",
    "syncmatica.error.player_dimension_mismatch": "请进入与结构相同的维度后进行加载",
    "syncmatica.error.share_incompatible_schematic": "请通过主菜单的原理图管理器转换此文件后再分享",
    "syncmatica.error.share_modified_subregions": "分享失败 - 服务器暂不支持修改后的子区域分享，请更新服务端模组",
    "syncmatica.error.share_without_shift": "按住 Shift 键进行分享",
    "syncmatica.gui.button.download": "下载",
    "syncmatica.gui.button.downloading": "下载中...",
    "syncmatica.gui.button.load": "加载",
    "syncmatica.gui.button.material_gathering_placement": "材料清单",
    "syncmatica.gui.button.material_gatherings": "材料收集清单",
    "syncmatica.gui.button.remove": "移除",
    "syncmatica.gui.button.share": "分享",
    "syncmatica.gui.button.unload": "卸载",
    "syncmatica.gui.button.view_syncmatics": "共享投影图",
    "syncmatica.gui.label.placement_info.dimension_id": "维度",
    "syncmatica.gui.label.placement_info.display_name": "名称",
    "syncmatica.gui.label.placement_info.file_name": "文件名",
    "syncmatica.gui.label.placement_info.last_modified": "最后修改者",
    "syncmatica.gui.label.placement_info.owner": "初始分享者",
    "syncmatica.gui.label.placement_info.position": "原点坐标 (xyz)",
    "syncmatica.gui.label.placement_info.schema": "游戏版本: §f%s§r [结构版本 §f%d§r]",
    "syncmatica.gui.label.placement_info.version": "投影版本: §f%d§r",
    "syncmatica.gui.title.manage_server_placements": "管理服务器结构放置 - %s",
    "syncmatica.success.modification_accepted": "修改已接受 - 请重新锁定结构位置以同步到服务器"
}
